masked_sku,masked_manufacturer,unmasked_sku,unmasked_manufacturer,distance,unmasked_index
brand16 sub_brand5 BOTELLA RETORNABLE 330.0,ABI,AGUILA LIGHT BOTELLA RETORNABLE 330.0,AB INBEV,4582208.0,49
brand12 sub_brand3 BOTELLA RETORNABLE 330.0,ABI,POKER CTE BOTELLA RETORNABLE 330.0,AB INBEV,703168.0,342
brand16 sub_brand3 BOTELLA RETORNABLE 330.0,ABI,AGUILA CTE BOTELLA RETORNABLE 330.0,AB INBEV,551104.0,29
brand16 sub_brand3 LATA NO RETORNABLE 330.0,ABI,AGUILA CTE LATA NO RETORNABLE 330.0,AB INBEV,421696.0,34
brand50 sub_brand9 BOTELLA NO RETORNABLE 210.0,ABI,CORONITA EXTRA BOTELLA NO RETORNABLE 210.0,AB INBEV,217216.0,190
brand15 sub_brand3 LATA NO RETORNABLE 355.0,ABI,PILSEN CTE LATA NO RETORNABLE 355.0,AB INBEV,0.0013859868049621582,329
brand12 sub_brand26 LATA NO RETORNABLE 355.0,ABI,POKER ROJA LATA NO RETORNABLE 355.0,AB INBEV,0.0005620718002319336,358
brand7 sub_brand15 BOTELLA NO RETORNABLE 330.0,ABI,BOGOTA BEER COMPANY OTRAS BOTELLA NO RETORNABLE 330.0,AB INBEV,0.0005489997565746307,116
brand12 sub_brand16 BOTELLA NO RETORNABLE 330.0,ABI,POKER PURA MALTA BOTELLA NO RETORNABLE 330.0,AB INBEV,0.0005002031785505617,353
brand25 sub_brand2 BARRIL NO RETORNABLE,ABI,STELLA ARTOIS T. BARRIL NO RETORNABLE,AB INBEV,0.0004999935626983643,381
brand16 sub_brand30 BOTELLA RETORNABLE 330.0,ABI,AGUILA FUSION BOTELLA RETORNABLE 330.0,AB INBEV,0.0004978179931640625,38
brand16 sub_brand6 LATA NO RETORNABLE 330.0,ABI,AGUILA CERO LATA NO RETORNABLE 330.0,AB INBEV,0.00048300623893737793,20
brand12 sub_brand3 BOTELLA RETORNABLE 1000.0,ABI,POKER CTE BOTELLA RETORNABLE 1000.0,AB INBEV,0.0004650011235479526,338
brand1 sub_brand26 LATA NO RETORNABLE 355.0,ABI,CLUB COLOMBIA ROJA LATA NO RETORNABLE 355.0,AB INBEV,0.00042500346899032593,160
brand45 sub_brand2 LATA NO RETORNABLE 295.0,ABI,BUDWEISER T. LATA NO RETORNABLE 295.0,AB INBEV,0.0003640013513276616,128
brand1 sub_brand33 BOTELLA NO RETORNABLE 330.0,ABI,CLUB COLOMBIA TRIGO BOTELLA NO RETORNABLE 330.0,AB INBEV,0.0003499999026968022,162
brand42 sub_brand5 BOTELLA RETORNABLE 330.0,ABI,BUSCH LIGHT BOTELLA RETORNABLE 330.0,AB INBEV,0.00022304058074951172,132
brand45 sub_brand2 LATA NO RETORNABLE 355.0,ABI,BUDWEISER T. LATA NO RETORNABLE 355.0,AB INBEV,0.00018311639109829986,129
brand7 sub_brand15 BARRIL NO RETORNABLE,ABI,BOGOTA BEER COMPANY OTRAS BARRIL NO RETORNABLE,AB INBEV,0.000138014554977417,115
brand16 sub_brand6 BOTELLA NO RETORNABLE 330.0,ABI,AGUILA CERO BOTELLA NO RETORNABLE 330.0,AB INBEV,0.00012800004333257675,18
brand16 sub_brand20 LATA NO RETORNABLE 355.0,ABI,AGUILA 0 LATA NO RETORNABLE 355.0,AB INBEV,0.00012505054473876953,17
brand3 sub_brand12 LATA NO RETORNABLE 269.0,ABI,COSTENA BACANA LATA NO RETORNABLE 269.0,AB INBEV,0.0001249353375862982,194
brand1 sub_brand26 LATA NO RETORNABLE 269.0,ABI,CLUB COLOMBIA ROJA LATA NO RETORNABLE 269.0,AB INBEV,0.00012400001287460327,158
brand1 sub_brand7 LATA NO RETORNABLE 355.0,ABI,CLUB COLOMBIA NEGRA LATA NO RETORNABLE 355.0,AB INBEV,0.00010401010513305664,146
brand12 sub_brand3 LATA NO RETORNABLE 330.0,ABI,POKER CTE LATA NO RETORNABLE 330.0,AB INBEV,0.00010199984535574913,346
brand3 sub_brand3 LATA NO RETORNABLE 296.0,ABI,COSTENA CTE LATA NO RETORNABLE 296.0,AB INBEV,9.999983012676239e-05,201
brand58 sub_brand3 BOTELLA RETORNABLE 330.0,ABI,AZTECA CTE BOTELLA RETORNABLE 330.0,AB INBEV,9.998679161071777e-05,81
brand1 sub_brand32 BOTELLA RETORNABLE 330.0,ABI,CLUB COLOMBIA OKTOBERFEST BOTELLA RETORNABLE 330.0,AB INBEV,9.632629679097351e-05,147
brand16 sub_brand5 BOTELLA NO RETORNABLE 200.0,ABI,AGUILA LIGHT BOTELLA NO RETORNABLE 200.0,AB INBEV,8.999998681247234e-05,40
brand16 sub_brand3 BOTELLA RETORNABLE 1000.0,ABI,AGUILA CTE BOTELLA RETORNABLE 1000.0,AB INBEV,8.899997919797897e-05,25
brand16 sub_brand30 LATA NO RETORNABLE 269.0,ABI,AGUILA FUSION LATA NO RETORNABLE 269.0,AB INBEV,8.511543273925781e-05,39
brand7 sub_brand31 BOTELLA NO RETORNABLE 330.0,ABI,BOGOTA BEER COMPANY SEPTIMAZO BOTELLA NO RETORNABLE 330.0,AB INBEV,7.899850606918335e-05,119
brand12 sub_brand3 BOTELLA RETORNABLE 750.0,ABI,POKER CTE BOTELLA RETORNABLE 750.0,AB INBEV,7.600669168555228e-05,343
brand12 sub_brand21 BOTELLA RETORNABLE 330.0,ABI,POKER LIGERA BOTELLA RETORNABLE 330.0,AB INBEV,7.510185241699219e-05,351
brand51 sub_brand3 LATA NO RETORNABLE 296.0,ABI,REDD'S CTE LATA NO RETORNABLE 296.0,AB INBEV,7.50124454498291e-05,368
brand12 sub_brand21 LATA NO RETORNABLE 330.0,ABI,POKER LIGERA LATA NO RETORNABLE 330.0,AB INBEV,6.500002928078175e-05,352
brand16 sub_brand6 BOTELLA RETORNABLE 330.0,ABI,AGUILA CERO BOTELLA RETORNABLE 330.0,AB INBEV,6.401538848876953e-05,19
brand1 sub_brand32 LATA NO RETORNABLE 330.0,ABI,CLUB COLOMBIA OKTOBERFEST LATA NO RETORNABLE 330.0,AB INBEV,6.389617919921875e-05,148
brand3 sub_brand3 BOTELLA RETORNABLE 330.0,ABI,COSTENA CTE BOTELLA RETORNABLE 330.0,AB INBEV,6.110884089494184e-05,197
brand36 sub_brand5 BOTELLA NO RETORNABLE 225.0,ABI,BAHIA LIGHT BOTELLA NO RETORNABLE 225.0,AB INBEV,5.50001859664917e-05,84
brand16 sub_brand6 LATA NO RETORNABLE 355.0,ABI,AGUILA CERO LATA NO RETORNABLE 355.0,AB INBEV,5.397200584411621e-05,21
brand15 sub_brand3 BOTELLA RETORNABLE 750.0,ABI,PILSEN CTE BOTELLA RETORNABLE 750.0,AB INBEV,5.0067901611328125e-05,327
brand12 sub_brand3 BOTELLA NO RETORNABLE 300.0,ABI,POKER CTE BOTELLA NO RETORNABLE 300.0,AB INBEV,5.0067901611328125e-05,335
brand16 sub_brand5 LATA NO RETORNABLE 296.0,ABI,AGUILA LIGHT LATA NO RETORNABLE 296.0,AB INBEV,5.0067901611328125e-05,52
brand25 sub_brand2 BOTELLA NO RETORNABLE 750.0,ABI,STELLA ARTOIS T. BOTELLA NO RETORNABLE 750.0,AB INBEV,5.004082974951791e-05,384
brand1 sub_brand10 BOTELLA NO RETORNABLE 330.0,ABI,CLUB COLOMBIA DOBLE MALTA BOTELLA NO RETORNABLE 330.0,AB INBEV,5.001084518732957e-05,138
brand16 sub_brand20 BOTELLA NO RETORNABLE 330.0,ABI,AGUILA 0 BOTELLA NO RETORNABLE 330.0,AB INBEV,5.001084518732957e-05,14
brand61 sub_brand3 BOTELLA NO RETORNABLE 330.0,ABI,BECK'S CTE BOTELLA NO RETORNABLE 330.0,AB INBEV,5.0010030470285356e-05,91
brand61 sub_brand3 BOTELLA RETORNABLE 275.0,ABI,BECK'S CTE BOTELLA RETORNABLE 275.0,AB INBEV,5.0008296966552734e-05,92
brand7 sub_brand28 BOTELLA NO RETORNABLE 330.0,ABI,BOGOTA BEER COMPANY BACATA BOTELLA NO RETORNABLE 330.0,AB INBEV,5.000339613294628e-05,106
brand1 sub_brand26 BOTELLA NO RETORNABLE 330.0,ABI,CLUB COLOMBIA ROJA BOTELLA NO RETORNABLE 330.0,AB INBEV,4.9948692321777344e-05,156
brand45 sub_brand2 BOTELLA NO RETORNABLE,ABI,BUDWEISER T. BOTELLA NO RETORNABLE,AB INBEV,4.9601145896753935e-05,123
brand12 sub_brand26 LATA NO RETORNABLE 330.0,ABI,POKER ROJA LATA NO RETORNABLE 330.0,AB INBEV,4.9601145896753935e-05,357
brand16 sub_brand3 LATA NO RETORNABLE 269.0,ABI,AGUILA CTE LATA NO RETORNABLE 269.0,AB INBEV,4.9591064453125e-05,32
brand51 sub_brand3 BOTELLA NO RETORNABLE 250.0,ABI,REDD'S CTE BOTELLA NO RETORNABLE 250.0,AB INBEV,4.800001624971628e-05,365
brand1 sub_brand33 BOTELLA RETORNABLE 330.0,ABI,CLUB COLOMBIA TRIGO BOTELLA RETORNABLE 330.0,AB INBEV,4.601075292133239e-05,163
brand16 sub_brand5 LATA NO RETORNABLE 330.0,ABI,AGUILA LIGHT LATA NO RETORNABLE 330.0,AB INBEV,4.401123150450613e-05,54
brand15 sub_brand3 BOTELLA RETORNABLE 1000.0,ABI,PILSEN CTE BOTELLA RETORNABLE 1000.0,AB INBEV,4.100007936358452e-05,324
brand1 sub_brand1 BOTELLA RETORNABLE 330.0,ABI,CLUB COLOMBIA PREMIUM/EXTRA FINA BOTELLA RETORNABLE 330.0,AB INBEV,3.601392749533503e-05,151
brand15 sub_brand3 BOTELLA RETORNABLE 330.0,ABI,PILSEN CTE BOTELLA RETORNABLE 330.0,AB INBEV,3.201563202559676e-05,326
brand3 sub_brand3 BOTELLA RETORNABLE 750.0,ABI,COSTENA CTE BOTELLA RETORNABLE 750.0,AB INBEV,3.110180741319107e-05,200
brand16 sub_brand5 BOTELLA RETORNABLE 1000.0,ABI,AGUILA LIGHT BOTELLA RETORNABLE 1000.0,AB INBEV,3.100000321865082e-05,45
brand51 sub_brand3 LATA NO RETORNABLE 269.0,ABI,REDD'S CTE LATA NO RETORNABLE 269.0,AB INBEV,3.053395774040028e-05,367
brand26 sub_brand9 BOTELLA NO RETORNABLE 355.0,ABI,CORONA EXTRA BOTELLA NO RETORNABLE 355.0,AB INBEV,2.8000096790492535e-05,184
brand45 sub_brand2 LATA NO RETORNABLE 269.0,ABI,BUDWEISER T. LATA NO RETORNABLE 269.0,AB INBEV,2.7999980375170708e-05,127
brand36 sub_brand3 LATA NO RETORNABLE 330.0,ABI,BAHIA CTE LATA NO RETORNABLE 330.0,AB INBEV,2.5999965146183968e-05,83
brand25 sub_brand2 LATA NO RETORNABLE 250.0,ABI,STELLA ARTOIS T. LATA NO RETORNABLE 250.0,AB INBEV,2.574920654296875e-05,385
brand3 sub_brand3 LATA NO RETORNABLE 350.0,ABI,COSTENA CTE LATA NO RETORNABLE 350.0,AB INBEV,2.300739288330078e-05,203
brand1 sub_brand1 BOTELLA NO RETORNABLE 900.0,ABI,CLUB COLOMBIA PREMIUM/EXTRA FINA BOTELLA NO RETORNABLE 900.0,AB INBEV,2.1023258079783928e-05,150
brand12 sub_brand3 LATA NO RETORNABLE 296.0,ABI,POKER CTE LATA NO RETORNABLE 296.0,AB INBEV,2.10046527306492e-05,345
brand3 sub_brand12 BOTELLA RETORNABLE 320.0,ABI,COSTENA BACANA BOTELLA RETORNABLE 320.0,AB INBEV,1.800013706088066e-05,193
brand16 sub_brand3 BOTELLA RETORNABLE 750.0,ABI,AGUILA CTE BOTELLA RETORNABLE 750.0,AB INBEV,1.600012183189392e-05,30
brand12 sub_brand3 LATA NO RETORNABLE 473.0,ABI,POKER CTE LATA NO RETORNABLE 473.0,AB INBEV,1.6000005416572094e-05,348
brand58 sub_brand3 LATA NO RETORNABLE 330.0,ABI,AZTECA CTE LATA NO RETORNABLE 330.0,AB INBEV,1.0999967344105244e-05,82
brand3 sub_brand3 LATA NO RETORNABLE 330.0,ABI,COSTENA CTE LATA NO RETORNABLE 330.0,AB INBEV,1.0049835539024307e-05,202
brand61 sub_brand3 LATA NO RETORNABLE 355.0,ABI,BECK'S CTE LATA NO RETORNABLE 355.0,AB INBEV,9.114927130953029e-06,95
brand16 sub_brand5 LATA NO RETORNABLE 269.0,ABI,AGUILA LIGHT LATA NO RETORNABLE 269.0,AB INBEV,8.99998121894896e-06,51
brand3 sub_brand12 LATA NO RETORNABLE 330.0,ABI,COSTENA BACANA LATA NO RETORNABLE 330.0,AB INBEV,7.00005330145359e-06,195
brand26 sub_brand9 LATA NO RETORNABLE 269.0,ABI,CORONA EXTRA LATA NO RETORNABLE 269.0,AB INBEV,6.999995093792677e-06,187
brand45 sub_brand2 BOTELLA NO RETORNABLE 250.0,ABI,BUDWEISER T. BOTELLA NO RETORNABLE 250.0,AB INBEV,6.082807501778465e-06,124
brand44 sub_brand15 LATA NO RETORNABLE 330.0,ABI,AUSTEN OTRAS LATA NO RETORNABLE 330.0,AB INBEV,6.000016583129764e-06,80
brand3 sub_brand3 BOTELLA RETORNABLE 350.0,ABI,COSTENA CTE BOTELLA RETORNABLE 350.0,AB INBEV,5.999987479299307e-06,198
brand7 sub_brand11 BOTELLA NO RETORNABLE 330.0,ABI,BOGOTA BEER COMPANY CHAPINERO BOTELLA NO RETORNABLE 330.0,AB INBEV,5.0067901611328125e-06,110
brand1 sub_brand1 LATA NO RETORNABLE 269.0,ABI,CLUB COLOMBIA PREMIUM/EXTRA FINA LATA NO RETORNABLE 269.0,AB INBEV,5.0000089686363935e-06,152
brand15 sub_brand3 LATA NO RETORNABLE 473.0,ABI,PILSEN CTE LATA NO RETORNABLE 473.0,AB INBEV,5.0000089686363935e-06,330
brand7 sub_brand45 BOTELLA NO RETORNABLE 330.0,ABI,BOGOTA BEER COMPANY MACONDO BOTELLA NO RETORNABLE 330.0,AB INBEV,5.000001692678779e-06,113
brand42 sub_brand5 BOTELLA NO RETORNABLE 330.0,ABI,BUSCH LIGHT BOTELLA NO RETORNABLE 330.0,AB INBEV,4.76837158203125e-06,131
brand71 sub_brand3 BOTELLA RETORNABLE 175.0,ABI,COSTENITA CTE BOTELLA RETORNABLE 175.0,AB INBEV,4.4719552511043546e-06,204
brand1 sub_brand1 LATA NO RETORNABLE 330.0,ABI,CLUB COLOMBIA PREMIUM/EXTRA FINA LATA NO RETORNABLE 330.0,AB INBEV,4.122909377692522e-06,153
brand45 sub_brand2 BOTELLA NO RETORNABLE 355.0,ABI,BUDWEISER T. BOTELLA NO RETORNABLE 355.0,AB INBEV,4.116810947955599e-06,125
brand1 sub_brand43 BOTELLA RETORNABLE 330.0,ABI,CLUB COLOMBIA SIEMBRA BOTELLA RETORNABLE 330.0,AB INBEV,4.00003045797348e-06,161
brand16 sub_brand3 BOTELLA RETORNABLE 225.0,ABI,AGUILA CTE BOTELLA RETORNABLE 225.0,AB INBEV,3.943591751872711e-06,26
brand73 sub_brand15 LATA NO RETORNABLE 330.0,ABI,KAUFMANN OTRAS LATA NO RETORNABLE 330.0,AB INBEV,3.943591290620993e-06,266
brand25 sub_brand2 LATA NO RETORNABLE 330.0,ABI,STELLA ARTOIS T. LATA NO RETORNABLE 330.0,AB INBEV,3.0000010156072676e-06,387
brand1 sub_brand7 LATA NO RETORNABLE 330.0,ABI,CLUB COLOMBIA NEGRA LATA NO RETORNABLE 330.0,AB INBEV,2.9999937396496534e-06,145
brand26 sub_brand9 BOTELLA NO RETORNABLE 330.0,ABI,CORONA EXTRA BOTELLA NO RETORNABLE 330.0,AB INBEV,2.828428082269905e-06,183
brand1 sub_brand26 LATA NO RETORNABLE 330.0,ABI,CLUB COLOMBIA ROJA LATA NO RETORNABLE 330.0,AB INBEV,2.236081750126884e-06,159
brand1 sub_brand7 BOTELLA RETORNABLE 330.0,ABI,CLUB COLOMBIA NEGRA BOTELLA RETORNABLE 330.0,AB INBEV,2.2360687344887528e-06,143
brand16 sub_brand5 BOTELLA RETORNABLE 250.0,ABI,AGUILA LIGHT BOTELLA RETORNABLE 250.0,AB INBEV,2.2360687344887528e-06,48
brand1 sub_brand34 BOTELLA RETORNABLE,ABI,CLUB COLOMBIA GRAN DORADA BOTELLA RETORNABLE,AB INBEV,2.00001522898674e-06,141
brand16 sub_brand5 BOTELLA NO RETORNABLE 750.0,ABI,AGUILA LIGHT BOTELLA NO RETORNABLE 750.0,AB INBEV,2.00001522898674e-06,44
brand12 sub_brand16 LATA NO RETORNABLE 330.0,ABI,POKER PURA MALTA LATA NO RETORNABLE 330.0,AB INBEV,2.0000006770715117e-06,355
brand83 sub_brand3 BOTELLA NO RETORNABLE 310.0,ABI,CUSQUENA CTE BOTELLA NO RETORNABLE 310.0,AB INBEV,2.0000006770715117e-06,206
brand81 sub_brand3 LATA NO RETORNABLE 269.0,ABI,MICHELOB ULTRA CTE LATA NO RETORNABLE 269.0,AB INBEV,2.0000006770715117e-06,282
brand83 sub_brand3 LATA NO RETORNABLE 355.0,ABI,CUSQUENA CTE LATA NO RETORNABLE 355.0,AB INBEV,2.0000006770715117e-06,208
brand26 sub_brand9 LATA NO RETORNABLE 473.0,ABI,CORONA EXTRA LATA NO RETORNABLE 473.0,AB INBEV,1.99999976757681e-06,188
brand25 sub_brand2 BOTELLA NO RETORNABLE 330.0,ABI,STELLA ARTOIS T. BOTELLA NO RETORNABLE 330.0,AB INBEV,1.4142191860232795e-06,383
brand50 sub_brand9 BOTELLA RETORNABLE 210.0,ABI,CORONITA EXTRA BOTELLA RETORNABLE 210.0,AB INBEV,1.4142140411349524e-06,191
brand81 sub_brand3 BOTELLA NO RETORNABLE 355.0,ABI,MICHELOB ULTRA CTE BOTELLA NO RETORNABLE 355.0,AB INBEV,1.4142140411349524e-06,281
brand42 sub_brand5 LATA NO RETORNABLE 330.0,ABI,BUSCH LIGHT LATA NO RETORNABLE 330.0,AB INBEV,1.4142137999687712e-06,133
brand26 sub_brand6 BOTELLA NO RETORNABLE 330.0,ABI,CORONA CERO BOTELLA NO RETORNABLE 330.0,AB INBEV,1.4142137195800533e-06,181
brand12 sub_brand3 BOTELLA RETORNABLE 300.0,ABI,POKER CTE BOTELLA RETORNABLE 300.0,AB INBEV,1.4142137195800533e-06,341
brand26 sub_brand9 BOTELLA RETORNABLE 330.0,ABI,CORONA EXTRA BOTELLA RETORNABLE 330.0,AB INBEV,1.4142088962653422e-06,186
brand15 sub_brand3 BOTELLA NO RETORNABLE 330.0,ABI,PILSEN CTE BOTELLA NO RETORNABLE 330.0,AB INBEV,1.000240445137024e-06,323
brand12 sub_brand3 LATA NO RETORNABLE 269.0,ABI,POKER CTE LATA NO RETORNABLE 269.0,AB INBEV,1.00000761449337e-06,344
brand12 sub_brand3 BOTELLA RETORNABLE 250.0,ABI,POKER CTE BOTELLA RETORNABLE 250.0,AB INBEV,1.00000761449337e-06,340
brand1 sub_brand26 BOTELLA RETORNABLE 330.0,ABI,CLUB COLOMBIA ROJA BOTELLA RETORNABLE 330.0,AB INBEV,1.00000761449337e-06,157
brand16 sub_brand5 LATA NO RETORNABLE 473.0,ABI,AGUILA LIGHT LATA NO RETORNABLE 473.0,AB INBEV,1.00000761449337e-06,55
brand1 sub_brand10 BOTELLA RETORNABLE 330.0,ABI,CLUB COLOMBIA DOBLE MALTA BOTELLA RETORNABLE 330.0,AB INBEV,1.0000003385357559e-06,139
brand1 sub_brand10 LATA NO RETORNABLE 330.0,ABI,CLUB COLOMBIA DOBLE MALTA LATA NO RETORNABLE 330.0,AB INBEV,1.0000003385357559e-06,140
brand25 sub_brand2 BOTELLA NO RETORNABLE 300.0,ABI,STELLA ARTOIS T. BOTELLA NO RETORNABLE 300.0,AB INBEV,1.0000003385357559e-06,382
brand12 sub_brand16 BOTELLA RETORNABLE 330.0,ABI,POKER PURA MALTA BOTELLA RETORNABLE 330.0,AB INBEV,1.0000003385357559e-06,354
brand61 sub_brand3 BOTELLA NO RETORNABLE 275.0,ABI,BECK'S CTE BOTELLA NO RETORNABLE 275.0,AB INBEV,1.0000003385357559e-06,90
brand1 sub_brand1 LATA NO RETORNABLE 473.0,ABI,CLUB COLOMBIA PREMIUM/EXTRA FINA LATA NO RETORNABLE 473.0,AB INBEV,1.0000003385357559e-06,155
brand7 sub_brand4 LATA NO RETORNABLE 269.0,ABI,BOGOTA BEER COMPANY CAJICA LATA NO RETORNABLE 269.0,AB INBEV,1.0000003385357559e-06,108
brand16 sub_brand20 LATA NO RETORNABLE 330.0,ABI,AGUILA 0 LATA NO RETORNABLE 330.0,AB INBEV,1.0000003385357559e-06,16
brand16 sub_brand3 BOTELLA NO RETORNABLE 330.0,ABI,AGUILA CTE BOTELLA NO RETORNABLE 330.0,AB INBEV,1.0000003385357559e-06,23
brand16 sub_brand3 LATA NO RETORNABLE 355.0,ABI,AGUILA CTE LATA NO RETORNABLE 355.0,AB INBEV,1.0000003385357559e-06,35
brand84 sub_brand37 BOTELLA NO RETORNABLE 355.0,ABI,MODELO ESPECIAL BOTELLA NO RETORNABLE 355.0,AB INBEV,1.0000003385357559e-06,293
brand12 sub_brand3 LATA NO RETORNABLE 355.0,ABI,POKER CTE LATA NO RETORNABLE 355.0,AB INBEV,1.0000003385357559e-06,347
brand51 sub_brand3 BOTELLA RETORNABLE 330.0,ABI,REDD'S CTE BOTELLA RETORNABLE 330.0,AB INBEV,1.0000003385357559e-06,366
brand1 sub_brand33 LATA NO RETORNABLE 330.0,ABI,CLUB COLOMBIA TRIGO LATA NO RETORNABLE 330.0,AB INBEV,1.0000003385357559e-06,164
brand83 sub_brand3 BOTELLA NO RETORNABLE 330.0,ABI,CUSQUENA CTE BOTELLA NO RETORNABLE 330.0,AB INBEV,1.0000003385357559e-06,207
brand7 sub_brand38 BOTELLA NO RETORNABLE 330.0,ABI,BOGOTA BEER COMPANY CANDELARIA BOTELLA NO RETORNABLE 330.0,AB INBEV,1.0000003385357559e-06,109
brand32 sub_brand2 BOTELLA RETORNABLE 250.0,ABI,NATIVA T. BOTELLA RETORNABLE 250.0,AB INBEV,1.0000003385357559e-06,296
brand26 sub_brand9 BOTELLA NO RETORNABLE 710.0,ABI,CORONA EXTRA BOTELLA NO RETORNABLE 710.0,AB INBEV,1.0000003385357559e-06,185
brand12 sub_brand3 BOTELLA RETORNABLE 225.0,ABI,POKER CTE BOTELLA RETORNABLE 225.0,AB INBEV,1.0000003385357559e-06,339
brand1 sub_brand7 BOTELLA NO RETORNABLE 330.0,ABI,CLUB COLOMBIA NEGRA BOTELLA NO RETORNABLE 330.0,AB INBEV,1.0000001111620804e-06,142
brand16 sub_brand3 BOTELLA RETORNABLE 300.0,ABI,AGUILA CTE BOTELLA RETORNABLE 300.0,AB INBEV,9.999999974752427e-07,28
brand15 sub_brand3 LATA NO RETORNABLE 330.0,ABI,PILSEN CTE LATA NO RETORNABLE 330.0,AB INBEV,9.99999883788405e-07,328
brand1 sub_brand1 LATA NO RETORNABLE 355.0,ABI,CLUB COLOMBIA PREMIUM/EXTRA FINA LATA NO RETORNABLE 355.0,AB INBEV,9.99999429041054e-07,154
brand16 sub_brand3 LATA NO RETORNABLE 296.0,ABI,AGUILA CTE LATA NO RETORNABLE 296.0,AB INBEV,9.99999429041054e-07,33
brand7 sub_brand23 LATA NO RETORNABLE 269.0,ABI,BOGOTA BEER COMPANY LA COTIDIANA LATA NO RETORNABLE 269.0,AB INBEV,9.999967005569488e-07,111
brand16 sub_brand3 LATA NO RETORNABLE 473.0,ABI,AGUILA CTE LATA NO RETORNABLE 473.0,AB INBEV,9.999930625781417e-07,36
brand25 sub_brand2 LATA NO RETORNABLE 269.0,ABI,STELLA ARTOIS T. LATA NO RETORNABLE 269.0,AB INBEV,9.999930625781417e-07,386
brand16 sub_brand5 BOTELLA RETORNABLE 750.0,ABI,AGUILA LIGHT BOTELLA RETORNABLE 750.0,AB INBEV,0.0,50
brand32 sub_brand2 BOTELLA RETORNABLE 330.0,ABI,NATIVA T. BOTELLA RETORNABLE 330.0,AB INBEV,0.0,297
brand45 sub_brand2 BOTELLA RETORNABLE 250.0,ABI,BUDWEISER T. BOTELLA RETORNABLE 250.0,AB INBEV,0.0,126
brand61 sub_brand3 LATA NO RETORNABLE 330.0,ABI,BECK'S CTE LATA NO RETORNABLE 330.0,AB INBEV,0.0,94
brand1 sub_brand1 BOTELLA NO RETORNABLE 330.0,ABI,CLUB COLOMBIA PREMIUM/EXTRA FINA BOTELLA NO RETORNABLE 330.0,AB INBEV,0.0,149
brand12 sub_brand3 OTROS ENVASES NO RETORNABLE 330.0,ABI,POKER CTE OTROS ENVASES NO RETORNABLE 330.0,AB INBEV,0.0,349
brand26 sub_brand9 BOTELLA NO RETORNABLE 210.0,ABI,CORONA EXTRA BOTELLA NO RETORNABLE 210.0,AB INBEV,0.0,182
brand16 sub_brand20 BOTELLA RETORNABLE 330.0,ABI,AGUILA 0 BOTELLA RETORNABLE 330.0,AB INBEV,0.0,15
brand7 sub_brand4 BOTELLA NO RETORNABLE 330.0,ABI,BOGOTA BEER COMPANY CAJICA BOTELLA NO RETORNABLE 330.0,AB INBEV,0.0,107
brand12 sub_brand3 BOTELLA NO RETORNABLE 330.0,ABI,POKER CTE BOTELLA NO RETORNABLE 330.0,AB INBEV,0.0,336
brand15 sub_brand3 BOTELLA RETORNABLE 300.0,ABI,PILSEN CTE BOTELLA RETORNABLE 300.0,AB INBEV,0.0,325
brand7 sub_brand29 BOTELLA NO RETORNABLE 330.0,ABI,BOGOTA BEER COMPANY LAGER BOTELLA NO RETORNABLE 330.0,AB INBEV,0.0,112
brand61 sub_brand3 LATA NO RETORNABLE 269.0,ABI,BECK'S CTE LATA NO RETORNABLE 269.0,AB INBEV,0.0,93
brand7 sub_brand22 BOTELLA NO RETORNABLE 330.0,ABI,BOGOTA BEER COMPANY MONSERRATE BOTELLA NO RETORNABLE 330.0,AB INBEV,0.0,114
brand16 sub_brand3 BOTELLA RETORNABLE 250.0,ABI,AGUILA CTE BOTELLA RETORNABLE 250.0,AB INBEV,0.0,27
brand16 sub_brand5 BOTELLA NO RETORNABLE 330.0,ABI,AGUILA LIGHT BOTELLA NO RETORNABLE 330.0,AB INBEV,0.0,43
brand7 sub_brand40 LATA NO RETORNABLE 269.0,ABI,BOGOTA BEER COMPANY ROSE LATA NO RETORNABLE 269.0,AB INBEV,0.0,118
brand50 sub_brand9 BOTELLA NO RETORNABLE 207.0,ABI,CORONITA EXTRA BOTELLA NO RETORNABLE 207.0,AB INBEV,0.0,189
brand12 sub_brand26 BOTELLA RETORNABLE 330.0,ABI,POKER ROJA BOTELLA RETORNABLE 330.0,AB INBEV,0.0,356
brand16 sub_brand5 BOTELLA RETORNABLE 175.0,ABI,AGUILA LIGHT BOTELLA RETORNABLE 175.0,AB INBEV,0.0,46
brand7 sub_brand40 BOTELLA NO RETORNABLE 330.0,ABI,BOGOTA BEER COMPANY ROSE BOTELLA NO RETORNABLE 330.0,AB INBEV,0.0,117
brand3 sub_brand12 BOTELLA NO RETORNABLE 320.0,ABI,COSTENA BACANA BOTELLA NO RETORNABLE 320.0,AB INBEV,0.0,192
brand16 sub_brand5 LATA NO RETORNABLE 300.0,ABI,AGUILA LIGHT LATA NO RETORNABLE 300.0,AB INBEV,0.0,53
brand3 sub_brand3 BOTELLA RETORNABLE 355.0,ABI,COSTENA CTE BOTELLA RETORNABLE 355.0,AB INBEV,0.0,199
brand16 sub_brand3 BOTELLA NO RETORNABLE 500.0,ABI,AGUILA CTE BOTELLA NO RETORNABLE 500.0,AB INBEV,0.0,24
brand3 sub_brand3 BOTELLA NO RETORNABLE 350.0,ABI,COSTENA CTE BOTELLA NO RETORNABLE 350.0,AB INBEV,0.0,196
brand16 sub_brand3 BOTELLA NO RETORNABLE 250.0,ABI,AGUILA CTE BOTELLA NO RETORNABLE 250.0,AB INBEV,0.0,22
brand16 sub_brand3 LATA NO RETORNABLE 250.0,ABI,AGUILA CTE LATA NO RETORNABLE 250.0,AB INBEV,0.0,31
brand12 sub_brand3 BOTELLA NO RETORNABLE 750.0,ABI,POKER CTE BOTELLA NO RETORNABLE 750.0,AB INBEV,0.0,337
brand16 sub_brand5 BOTELLA RETORNABLE 225.0,ABI,AGUILA LIGHT BOTELLA RETORNABLE 225.0,AB INBEV,0.0,47
brand16 sub_brand5 BOTELLA NO RETORNABLE 250.0,ABI,AGUILA LIGHT BOTELLA NO RETORNABLE 250.0,AB INBEV,0.0,41
brand71 sub_brand3 LATA NO RETORNABLE 269.0,ABI,COSTENITA CTE LATA NO RETORNABLE 269.0,AB INBEV,0.0,205
brand51 sub_brand44 LATA NO RETORNABLE 269.0,ABI,REDD'S DRY LATA NO RETORNABLE 269.0,AB INBEV,0.0,369
brand16 sub_brand30 BOTELLA NO RETORNABLE 330.0,ABI,AGUILA FUSION BOTELLA NO RETORNABLE 330.0,AB INBEV,0.0,37
brand97 sub_brand3 BOTELLA NO RETORNABLE 330.0,ABI,BARENA CTE BOTELLA NO RETORNABLE 330.0,AB INBEV,0.0,89
brand45 sub_brand2 LATA NO RETORNABLE 473.0,ABI,BUDWEISER T. LATA NO RETORNABLE 473.0,AB INBEV,0.0,130
brand1 sub_brand7 LATA NO RETORNABLE 269.0,ABI,CLUB COLOMBIA NEGRA LATA NO RETORNABLE 269.0,AB INBEV,0.0,144
brand12 sub_brand21 BOTELLA NO RETORNABLE 330.0,ABI,POKER LIGERA BOTELLA NO RETORNABLE 330.0,AB INBEV,0.0,350
brand86 sub_brand3 LATA NO RETORNABLE 330.0,ABI,BRAVA CTE LATA NO RETORNABLE 330.0,AB INBEV,0.0,120
brand16 sub_brand5 BOTELLA NO RETORNABLE 300.0,ABI,AGUILA LIGHT BOTELLA NO RETORNABLE 300.0,AB INBEV,0.0,42
brand22 sub_brand27 BARRIL NO RETORNABLE,manufacturer10,3 CORDILLERAS MESTIZA BARRIL NO RETORNABLE,CCC,0.0002020026163761047,1
brand20 sub_brand3 BARRIL NO RETORNABLE,manufacturer10,HEINEKEN CTE BARRIL NO RETORNABLE,CCC,0.000198009155097427,242
brand22 sub_brand18 BARRIL NO RETORNABLE,manufacturer10,3 CORDILLERAS MULATA BARRIL NO RETORNABLE,CCC,0.00017300350894579582,3
brand28 sub_brand2 BOTELLA NO RETORNABLE 330.0,manufacturer10,KUNSTMANN T. BOTELLA NO RETORNABLE 330.0,CCC,0.00010401010513305664,273
brand20 sub_brand3 BOTELLA NO RETORNABLE 650.0,manufacturer10,HEINEKEN CTE BOTELLA NO RETORNABLE 650.0,CCC,0.00010204315185546875,246
brand57 sub_brand25 BOTELLA NO RETORNABLE 355.0,manufacturer10,MILLER LITE BOTELLA NO RETORNABLE 355.0,CCC,0.00010000006295740604,287
brand14 sub_brand5 LATA NO RETORNABLE,manufacturer10,ANDINA LIGHT LATA NO RETORNABLE,CCC,7.915496826171875e-05,71
brand57 sub_brand24 BOTELLA NO RETORNABLE 355.0,manufacturer10,MILLER GENUINE DRAFT BOTELLA NO RETORNABLE 355.0,CCC,5.70057132979525e-05,283
brand17 sub_brand3 BOTELLA NO RETORNABLE 355.0,manufacturer10,SOL CTE BOTELLA NO RETORNABLE 355.0,CCC,5.0067901611328125e-05,375
brand99 sub_brand20 LATA NO RETORNABLE 250.0,manufacturer10,BUCKLER 0 LATA NO RETORNABLE 250.0,CCC,5.001003047937848e-05,122
brand20 sub_brand3 LATA NO RETORNABLE 250.0,manufacturer10,HEINEKEN CTE LATA NO RETORNABLE 250.0,CCC,5.0008296966552734e-05,249
brand57 sub_brand24 LATA NO RETORNABLE 355.0,manufacturer10,MILLER GENUINE DRAFT LATA NO RETORNABLE 355.0,CCC,4.999712109565735e-05,284
brand33 sub_brand3 BOTELLA NO RETORNABLE 300.0,manufacturer10,TECATE CTE BOTELLA NO RETORNABLE 300.0,CCC,3.801297935295503e-05,391
brand14 sub_brand3 LATA NO RETORNABLE 473.0,manufacturer10,ANDINA CTE LATA NO RETORNABLE 473.0,CCC,3.200001083314419e-05,67
brand22 sub_brand19 BOTELLA NO RETORNABLE 330.0,manufacturer10,3 CORDILLERAS BLANCA BOTELLA NO RETORNABLE 330.0,CCC,2.5033950805664062e-05,0
brand20 sub_brand3 BOTELLA NO RETORNABLE 250.0,manufacturer10,HEINEKEN CTE BOTELLA NO RETORNABLE 250.0,CCC,2.402083243083654e-05,244
brand14 sub_brand3 BOTELLA RETORNABLE 330.0,manufacturer10,ANDINA CTE BOTELLA RETORNABLE 330.0,CCC,2.0000035874545574e-05,61
brand17 sub_brand3 BOTELLA NO RETORNABLE 207.0,manufacturer10,SOL CTE BOTELLA NO RETORNABLE 207.0,CCC,1.9027139610188193e-05,372
brand93 sub_brand5 BOTELLA NO RETORNABLE 355.0,manufacturer10,AMSTEL LIGHT BOTELLA NO RETORNABLE 355.0,CCC,1.2041598655302618e-05,56
brand57 sub_brand25 BOTELLA NO RETORNABLE 300.0,manufacturer10,MILLER LITE BOTELLA NO RETORNABLE 300.0,CCC,9.000010322779417e-06,286
brand14 sub_brand3 LATA NO RETORNABLE 330.0,manufacturer10,ANDINA CTE LATA NO RETORNABLE 330.0,CCC,8.000002708286047e-06,65
brand14 sub_brand3 LATA NO RETORNABLE 355.0,manufacturer10,ANDINA CTE LATA NO RETORNABLE 355.0,CCC,4.999994416721165e-06,66
brand20 sub_brand3 LATA NO RETORNABLE 269.0,manufacturer10,HEINEKEN CTE LATA NO RETORNABLE 269.0,CCC,4.999979864805937e-06,250
brand17 sub_brand3 LATA NO RETORNABLE 269.0,manufacturer10,SOL CTE LATA NO RETORNABLE 269.0,CCC,4.0000013541430235e-06,376
brand91 sub_brand5 BOTELLA NO RETORNABLE 355.0,manufacturer10,COORS LIGHT BOTELLA NO RETORNABLE 355.0,CCC,4.0000013541430235e-06,179
brand91 sub_brand5 LATA NO RETORNABLE 295.0,manufacturer10,COORS LIGHT LATA NO RETORNABLE 295.0,CCC,3.162278730712437e-06,180
brand57 sub_brand25 LATA NO RETORNABLE 330.0,manufacturer10,MILLER LITE LATA NO RETORNABLE 330.0,CCC,2.9999937396496534e-06,291
brand20 sub_brand3 BOTELLA NO RETORNABLE 330.0,manufacturer10,HEINEKEN CTE BOTELLA NO RETORNABLE 330.0,CCC,2.2360687344887528e-06,245
brand20 sub_brand3 LATA NO RETORNABLE 310.0,manufacturer10,HEINEKEN CTE LATA NO RETORNABLE 310.0,CCC,2.2360687344887528e-06,251
brand33 sub_brand3 BOTELLA NO RETORNABLE 355.0,manufacturer10,TECATE CTE BOTELLA NO RETORNABLE 355.0,CCC,2.2331663135817483e-06,393
brand14 sub_brand3 LATA NO RETORNABLE 269.0,manufacturer10,ANDINA CTE LATA NO RETORNABLE 269.0,CCC,2.0000006770715117e-06,63
brand35 sub_brand2 LATA NO RETORNABLE 330.0,manufacturer10,CENTRAL T. LATA NO RETORNABLE 330.0,CCC,2.0000006770715117e-06,134
brand14 sub_brand5 BOTELLA NO RETORNABLE 250.0,manufacturer10,ANDINA LIGHT BOTELLA NO RETORNABLE 250.0,CCC,2.0000006770715117e-06,68
brand20 sub_brand3 BARRIL NO RETORNABLE 5000.0,manufacturer10,HEINEKEN CTE BARRIL NO RETORNABLE 5000.0,CCC,2.0000006770715117e-06,243
brand87 sub_brand3 LATA NO RETORNABLE 330.0,manufacturer10,HE150KEN CTE LATA NO RETORNABLE 330.0,CCC,1.999998858082108e-06,241
brand28 sub_brand2 LATA NO RETORNABLE,manufacturer10,KUNSTMANN T. LATA NO RETORNABLE,CCC,1.996755599975586e-06,274
brand20 sub_brand3 LATA NO RETORNABLE 330.0,manufacturer10,HEINEKEN CTE LATA NO RETORNABLE 330.0,CCC,1.4142140411349524e-06,252
brand14 sub_brand3 BOTELLA RETORNABLE 750.0,manufacturer10,ANDINA CTE BOTELLA RETORNABLE 750.0,CCC,1.00000761449337e-06,62
brand33 sub_brand3 BOTELLA RETORNABLE 750.0,manufacturer10,TECATE CTE BOTELLA RETORNABLE 750.0,CCC,1.00000761449337e-06,395
brand14 sub_brand5 LATA NO RETORNABLE 269.0,manufacturer10,ANDINA LIGHT LATA NO RETORNABLE 269.0,CCC,1.00000761449337e-06,72
brand33 sub_brand3 BOTELLA RETORNABLE 330.0,manufacturer10,TECATE CTE BOTELLA RETORNABLE 330.0,CCC,1.0000003385357559e-06,394
brand14 sub_brand5 LATA NO RETORNABLE 330.0,manufacturer10,ANDINA LIGHT LATA NO RETORNABLE 330.0,CCC,1.0000003385357559e-06,74
brand20 sub_brand3 LATA NO RETORNABLE 473.0,manufacturer10,HEINEKEN CTE LATA NO RETORNABLE 473.0,CCC,1.0000003385357559e-06,254
brand14 sub_brand5 LATA NO RETORNABLE 310.0,manufacturer10,ANDINA LIGHT LATA NO RETORNABLE 310.0,CCC,1.0000003385357559e-06,73
brand17 sub_brand3 BOTELLA NO RETORNABLE 250.0,manufacturer10,SOL CTE BOTELLA NO RETORNABLE 250.0,CCC,1.0000003385357559e-06,373
brand22 sub_brand18 BOTELLA NO RETORNABLE 330.0,manufacturer10,3 CORDILLERAS MULATA BOTELLA NO RETORNABLE 330.0,CCC,1.0000003385357559e-06,4
brand22 sub_brand27 BOTELLA NO RETORNABLE 330.0,manufacturer10,3 CORDILLERAS MESTIZA BOTELLA NO RETORNABLE 330.0,CCC,1.0000003385357559e-06,2
brand20 sub_brand3 BOTELLA RETORNABLE 250.0,manufacturer10,HEINEKEN CTE BOTELLA RETORNABLE 250.0,CCC,9.99999883788405e-07,247
brand22 sub_brand13 LATA NO RETORNABLE 269.0,manufacturer10,3 CORDILLERAS ROSADA LATA NO RETORNABLE 269.0,CCC,9.99999429041054e-07,8
brand33 sub_brand3 BOTELLA NO RETORNABLE 330.0,manufacturer10,TECATE CTE BOTELLA NO RETORNABLE 330.0,CCC,9.99999429041054e-07,392
brand22 sub_brand13 BOTELLA NO RETORNABLE 300.0,manufacturer10,3 CORDILLERAS ROSADA BOTELLA NO RETORNABLE 300.0,CCC,9.999985195463523e-07,6
brand22 sub_brand13 BOTELLA NO RETORNABLE 330.0,manufacturer10,3 CORDILLERAS ROSADA BOTELLA NO RETORNABLE 330.0,CCC,9.999967005569488e-07,7
brand22 sub_brand7 BOTELLA NO RETORNABLE 330.0,manufacturer10,3 CORDILLERAS NEGRA BOTELLA NO RETORNABLE 330.0,CCC,9.999967005569488e-07,5
brand14 sub_brand5 BOTELLA NO RETORNABLE 300.0,manufacturer10,ANDINA LIGHT BOTELLA NO RETORNABLE 300.0,CCC,9.999930625781417e-07,69
brand33 sub_brand3 LATA NO RETORNABLE 330.0,manufacturer10,TECATE CTE LATA NO RETORNABLE 330.0,CCC,9.999930625781417e-07,397
brand14 sub_brand5 BOTELLA RETORNABLE 330.0,manufacturer10,ANDINA LIGHT BOTELLA RETORNABLE 330.0,CCC,0.0,70
brand33 sub_brand3 LATA NO RETORNABLE 269.0,manufacturer10,TECATE CTE LATA NO RETORNABLE 269.0,CCC,0.0,396
brand14 sub_brand3 BOTELLA RETORNABLE 250.0,manufacturer10,ANDINA CTE BOTELLA RETORNABLE 250.0,CCC,0.0,60
brand14 sub_brand3 LATA NO RETORNABLE 310.0,manufacturer10,ANDINA CTE LATA NO RETORNABLE 310.0,CCC,0.0,64
brand14 sub_brand3 BOTELLA NO RETORNABLE 300.0,manufacturer10,ANDINA CTE BOTELLA NO RETORNABLE 300.0,CCC,0.0,59
brand17 sub_brand3 BOTELLA NO RETORNABLE 330.0,manufacturer10,SOL CTE BOTELLA NO RETORNABLE 330.0,CCC,0.0,374
brand87 sub_brand3 LATA NO RETORNABLE 269.0,manufacturer10,HE150KEN CTE LATA NO RETORNABLE 269.0,CCC,0.0,240
brand20 sub_brand3 BOTELLA RETORNABLE 330.0,manufacturer10,HEINEKEN CTE BOTELLA RETORNABLE 330.0,CCC,0.0,248
brand20 sub_brand17 LATA NO RETORNABLE 250.0,manufacturer10,HEINEKEN HEINEKEN 0.0 LATA NO RETORNABLE 250.0,CCC,0.0,256
brand57 sub_brand25 LATA NO RETORNABLE 269.0,manufacturer10,MILLER LITE LATA NO RETORNABLE 269.0,CCC,0.0,289
brand14 sub_brand3 BOTELLA NO RETORNABLE 250.0,manufacturer10,ANDINA CTE BOTELLA NO RETORNABLE 250.0,CCC,0.0,58
brand33 sub_brand3 LATA NO RETORNABLE 355.0,manufacturer10,TECATE CTE LATA NO RETORNABLE 355.0,CCC,0.0,398
brand57 sub_brand25 LATA NO RETORNABLE 310.0,manufacturer10,MILLER LITE LATA NO RETORNABLE 310.0,CCC,0.0,290
brand89 sub_brand3 LATA NO RETORNABLE 310.0,manufacturer10,ANDINA COLOMBIANA CTE LATA NO RETORNABLE 310.0,CCC,0.0,57
brand20 sub_brand17 BOTELLA NO RETORNABLE 330.0,manufacturer10,HEINEKEN HEINEKEN 0.0 BOTELLA NO RETORNABLE 330.0,CCC,0.0,255
brand57 sub_brand25 BOTELLA NO RETORNABLE 250.0,manufacturer10,MILLER LITE BOTELLA NO RETORNABLE 250.0,CCC,0.0,285
brand57 sub_brand25 BOTELLA RETORNABLE 330.0,manufacturer10,MILLER LITE BOTELLA RETORNABLE 330.0,CCC,0.0,288
brand17 sub_brand3 LATA NO RETORNABLE 310.0,manufacturer10,SOL CTE LATA NO RETORNABLE 310.0,CCC,0.0,377
brand22 sub_brand2 BOTELLA NO RETORNABLE 330.0,manufacturer10,3 CORDILLERAS T. BOTELLA NO RETORNABLE 330.0,CCC,0.0,9
brand14 sub_brand5 LATA NO RETORNABLE 473.0,manufacturer10,ANDINA LIGHT LATA NO RETORNABLE 473.0,CCC,0.0,75
brand28 sub_brand2 BOTELLA NO RETORNABLE,manufacturer10,KUNSTMANN T. BOTELLA NO RETORNABLE,CCC,0.0,272
brand57 sub_brand25 LATA NO RETORNABLE 355.0,manufacturer10,MILLER LITE LATA NO RETORNABLE 355.0,CCC,0.0,292
brand90 sub_brand3 LATA NO RETORNABLE 330.0,manufacturer10,LLAVE CTE LATA NO RETORNABLE 330.0,CCC,0.0,279
brand20 sub_brand3 LATA NO RETORNABLE 350.0,manufacturer10,HEINEKEN CTE LATA NO RETORNABLE 350.0,CCC,0.0,253
brand19 sub_brand3 BOTELLA NO RETORNABLE 330.0,manufacturer11,ERDINGER CTE BOTELLA NO RETORNABLE 330.0,TEMAQ,0.0003470010563526029,223
brand96 sub_brand2 BOTELLA NO RETORNABLE 330.0,manufacturer11,WARSTEINER T. BOTELLA NO RETORNABLE 330.0,TEMAQ,0.00012500425325034472,403
brand19 sub_brand3 LATA NO RETORNABLE 500.0,manufacturer11,ERDINGER CTE LATA NO RETORNABLE 500.0,TEMAQ,3.0040740966796875e-05,225
brand19 sub_brand3 BOTELLA NO RETORNABLE 500.0,manufacturer11,ERDINGER CTE BOTELLA NO RETORNABLE 500.0,TEMAQ,1.1487699409906811e-05,224
brand19 sub_brand14 BOTELLA NO RETORNABLE 330.0,manufacturer11,ERDINGER DUNKEL BOTELLA NO RETORNABLE 330.0,TEMAQ,9.999930625781417e-07,226
brand19 sub_brand14 BOTELLA NO RETORNABLE 500.0,manufacturer11,ERDINGER DUNKEL BOTELLA NO RETORNABLE 500.0,TEMAQ,0.0,227
brand19 sub_brand14 LATA NO RETORNABLE 500.0,manufacturer11,ERDINGER DUNKEL LATA NO RETORNABLE 500.0,TEMAQ,0.0,228
brand21 sub_brand8 BOTELLA NO RETORNABLE 330.0,manufacturer12,GROLSCH PREMIUM BOTELLA NO RETORNABLE 330.0,GROLSCH,0.0004999637603759766,234
brand21 sub_brand8 LATA NO RETORNABLE 330.0,manufacturer12,GROLSCH PREMIUM LATA NO RETORNABLE 330.0,GROLSCH,0.00015000587239999847,236
brand21 sub_brand8 BOTELLA NO RETORNABLE 450.0,manufacturer12,GROLSCH PREMIUM BOTELLA NO RETORNABLE 450.0,GROLSCH,0.0,235
brand24 sub_brand2 LATA NO RETORNABLE 500.0,manufacturer13,TROOPER T. LATA NO RETORNABLE 500.0,ROBINSONS BREWERY,0.0,401
brand27 sub_brand2 BOTELLA NO RETORNABLE 300.0,manufacturer14,CZECHVAR T. BOTELLA NO RETORNABLE 300.0,CZECHVAR,1.0000003385357559e-06,209
brand27 sub_brand2 BOTELLA NO RETORNABLE 330.0,manufacturer14,CZECHVAR T. BOTELLA NO RETORNABLE 330.0,CZECHVAR,0.0,210
brand30 sub_brand2 BOTELLA NO RETORNABLE 330.0,manufacturer15,DUFF T. BOTELLA NO RETORNABLE 330.0,DUFF,4.0000013541430235e-06,214
brand30 sub_brand2 LATA NO RETORNABLE 330.0,manufacturer15,DUFF T. LATA NO RETORNABLE 330.0,DUFF,0.0,215
brand43 sub_brand2 BOTELLA NO RETORNABLE 500.0,manufacturer16,PAULANER HEFE-WEIBBIER T. BOTELLA NO RETORNABLE 500.0,A&P,2.4080276489257812e-05,317
brand43 sub_brand2 LATA NO RETORNABLE 500.0,manufacturer16,PAULANER HEFE-WEIBBIER T. LATA NO RETORNABLE 500.0,A&P,2.0265579223632812e-06,318
brand31 sub_brand2 BOTELLA NO RETORNABLE 500.0,manufacturer16,PAULANER MUNCHEM-WEISSBIER T. BOTELLA NO RETORNABLE 500.0,A&P,1.0000003385357559e-06,319
brand43 sub_brand2 BOTELLA NO RETORNABLE 330.0,manufacturer16,PAULANER HEFE-WEIBBIER T. BOTELLA NO RETORNABLE 330.0,A&P,1.0000003385357559e-06,316
brand43 sub_brand2 BARRIL NO RETORNABLE 5000.0,manufacturer16,PAULANER HEFE-WEIBBIER T. BARRIL NO RETORNABLE 5000.0,A&P,1.0000003385357559e-06,315
brand31 sub_brand2 LATA NO RETORNABLE 500.0,manufacturer16,PAULANER MUNCHEM-WEISSBIER T. LATA NO RETORNABLE 500.0,A&P,0.0,320
brand34 sub_brand2 LATA NO RETORNABLE 330.0,manufacturer17,PL T. LATA NO RETORNABLE 330.0,PL,0.0005493245981547276,334
brand34 sub_brand2 BOTELLA NO RETORNABLE 500.0,manufacturer17,PL T. BOTELLA NO RETORNABLE 500.0,PL,5.0008296966552734e-05,332
brand34 sub_brand2 LATA NO RETORNABLE 250.0,manufacturer17,PL T. LATA NO RETORNABLE 250.0,PL,2.6999972760677338e-05,333
brand34 sub_brand3 BOTELLA RETORNABLE 330.0,manufacturer17,PL CTE BOTELLA RETORNABLE 330.0,PL,0.0,331
brand37 sub_brand2 BOTELLA NO RETORNABLE 330.0,manufacturer18,BRUDER T. BOTELLA NO RETORNABLE 330.0,BRUDER,1.0000003385357559e-06,121
brand39 sub_brand2 BOTELLA NO RETORNABLE 330.0,manufacturer19,TORREMOLINOS T. BOTELLA NO RETORNABLE 330.0,CERVECERIA TORREMOLINOS,9.999930625781417e-07,399
brand2 sub_brand2 BOTELLA NO RETORNABLE 450.0,manufacturer2,BALTIKA T. BOTELLA NO RETORNABLE 450.0,BALTIKA,7.498931104533704e-05,86
brand2 sub_brand2 LATA NO RETORNABLE 450.0,manufacturer2,BALTIKA T. LATA NO RETORNABLE 450.0,BALTIKA,7.498931104533704e-05,87
brand2 sub_brand2 LATA NO RETORNABLE 900.0,manufacturer2,BALTIKA T. LATA NO RETORNABLE 900.0,BALTIKA,3.699958324432373e-05,88
brand2 sub_brand2 BOTELLA NO RETORNABLE,manufacturer2,BALTIKA T. BOTELLA NO RETORNABLE,BALTIKA,0.0,85
brand40 sub_brand2 LATA NO RETORNABLE 500.0,manufacturer20,FULLER'S T. LATA NO RETORNABLE 500.0,FULLER,7.987022399902344e-06,233
brand40 sub_brand2 BOTELLA NO RETORNABLE 500.0,manufacturer20,FULLER'S T. BOTELLA NO RETORNABLE 500.0,FULLER,1.3818449185218125e-06,232
brand41 sub_brand3 LATA NO RETORNABLE 473.0,manufacturer21,POLA DEL PUB CTE LATA NO RETORNABLE 473.0,THE PUB,1.0000003385357559e-06,360
brand41 sub_brand3 LATA NO RETORNABLE 330.0,manufacturer21,POLA DEL PUB CTE LATA NO RETORNABLE 330.0,THE PUB,0.0,359
brand46 sub_brand2 LATA NO RETORNABLE 500.0,manufacturer22,OTRAS MARCAS T. LATA NO RETORNABLE 500.0,OTROS FABRICANTES,0.0005530118942260742,314
brand46 sub_brand2 LATA NO RETORNABLE 330.0,manufacturer22,OTRAS MARCAS T. LATA NO RETORNABLE 330.0,OTROS FABRICANTES,0.0005490779876708984,312
brand46 sub_brand37 LATA NO RETORNABLE 330.0,manufacturer22,OTRAS MARCAS ESPECIAL LATA NO RETORNABLE 330.0,OTROS FABRICANTES,0.00010002159298199955,302
brand46 sub_brand3 BOTELLA NO RETORNABLE 400.0,manufacturer22,OTRAS MARCAS CTE BOTELLA NO RETORNABLE 400.0,OTROS FABRICANTES,0.00010000006295740604,299
brand46 sub_brand2 BOTELLA NO RETORNABLE 250.0,manufacturer22,OTRAS MARCAS T. BOTELLA NO RETORNABLE 250.0,OTROS FABRICANTES,7.500793584100924e-05,306
brand46 sub_brand2 BOTELLA NO RETORNABLE,manufacturer22,OTRAS MARCAS T. BOTELLA NO RETORNABLE,OTROS FABRICANTES,5.999952554702759e-05,305
brand46 sub_brand2 BOTELLA NO RETORNABLE 355.0,manufacturer22,OTRAS MARCAS T. BOTELLA NO RETORNABLE 355.0,OTROS FABRICANTES,5.403708626372433e-05,308
brand46 sub_brand15 BOTELLA RETORNABLE 330.0,manufacturer22,OTRAS MARCAS OTRAS BOTELLA RETORNABLE 330.0,OTROS FABRICANTES,5.0159660257805574e-05,304
brand46 sub_brand3 BOTELLA NO RETORNABLE 330.0,manufacturer22,OTRAS MARCAS CTE BOTELLA NO RETORNABLE 330.0,OTROS FABRICANTES,4.999339580535889e-05,298
brand46 sub_brand2 BOTELLA NO RETORNABLE 500.0,manufacturer22,OTRAS MARCAS T. BOTELLA NO RETORNABLE 500.0,OTROS FABRICANTES,8.078952859436202e-06,309
brand46 sub_brand2 BOTELLA NO RETORNABLE 330.0,manufacturer22,OTRAS MARCAS T. BOTELLA NO RETORNABLE 330.0,OTROS FABRICANTES,1.0000003385357559e-06,307
brand46 sub_brand2 LATA NO RETORNABLE 355.0,manufacturer22,OTRAS MARCAS T. LATA NO RETORNABLE 355.0,OTROS FABRICANTES,1.0000003385357559e-06,313
brand46 sub_brand37 BOTELLA NO RETORNABLE 330.0,manufacturer22,OTRAS MARCAS ESPECIAL BOTELLA NO RETORNABLE 330.0,OTROS FABRICANTES,0.0,301
brand46 sub_brand2 LATA NO RETORNABLE,manufacturer22,OTRAS MARCAS T. LATA NO RETORNABLE,OTROS FABRICANTES,0.0,311
brand46 sub_brand37 LATA NO RETORNABLE 500.0,manufacturer22,OTRAS MARCAS ESPECIAL LATA NO RETORNABLE 500.0,OTROS FABRICANTES,0.0,303
brand46 sub_brand2 BOTELLA RETORNABLE 330.0,manufacturer22,OTRAS MARCAS T. BOTELLA RETORNABLE 330.0,OTROS FABRICANTES,0.0,310
brand46 sub_brand3 LATA NO RETORNABLE 330.0,manufacturer22,OTRAS MARCAS CTE LATA NO RETORNABLE 330.0,OTROS FABRICANTES,0.0,300
brand47 sub_brand2 BOTELLA NO RETORNABLE 330.0,manufacturer23,CHELARTE T. BOTELLA NO RETORNABLE 330.0,CHELARTE,0.0,135
brand48 sub_brand2 BOTELLA NO RETORNABLE 330.0,manufacturer24,CHIMAY PERES T. BOTELLA NO RETORNABLE 330.0,CHIMAY PERES,4.9948692321777344e-05,136
brand48 sub_brand2 BOTELLA NO RETORNABLE 750.0,manufacturer24,CHIMAY PERES T. BOTELLA NO RETORNABLE 750.0,CHIMAY PERES,0.0,137
brand49 sub_brand2 BOTELLA NO RETORNABLE 330.0,manufacturer25,TRES GUERREROS T. BOTELLA NO RETORNABLE 330.0,TRES GUERREROS,5.0008296966552734e-05,400
brand53 sub_brand2 BOTELLA NO RETORNABLE 330.0,manufacturer26,LIEFMANS T. BOTELLA NO RETORNABLE 330.0,LIEFMANS PREMIUM BEERS,8.600950241088867e-05,277
brand53 sub_brand2 BOTELLA NO RETORNABLE 250.0,manufacturer26,LIEFMANS T. BOTELLA NO RETORNABLE 250.0,LIEFMANS PREMIUM BEERS,2.481568897039877e-05,276
brand54 sub_brand2 BOTELLA NO RETORNABLE 330.0,manufacturer27,VEDETT T. BOTELLA NO RETORNABLE 330.0,VEDETT,1.0000003385357559e-06,402
brand55 sub_brand2 BOTELLA NO RETORNABLE 330.0,manufacturer28,ASPALL T. BOTELLA NO RETORNABLE 330.0,ASPALL,2.0000006770715117e-06,78
brand55 sub_brand2 BOTELLA NO RETORNABLE 500.0,manufacturer28,ASPALL T. BOTELLA NO RETORNABLE 500.0,ASPALL,1.0000003385357559e-06,79
brand56 sub_brand2 BOTELLA NO RETORNABLE 330.0,manufacturer29,DAGSBIER T. BOTELLA NO RETORNABLE 330.0,KARLSBERG BRAUEREI,0.00010000669254748352,211
brand77 sub_brand2 LATA NO RETORNABLE 500.0,manufacturer29,KARLSBRAU T. LATA NO RETORNABLE 500.0,KARLSBERG BRAUEREI,5.1021575927734375e-05,265
brand95 sub_brand2 LATA NO RETORNABLE 330.0,manufacturer29,ST.WENDELER T. LATA NO RETORNABLE 330.0,KARLSBERG BRAUEREI,0.0,379
brand77 sub_brand2 LATA NO RETORNABLE 330.0,manufacturer29,KARLSBRAU T. LATA NO RETORNABLE 330.0,KARLSBERG BRAUEREI,0.0,264
brand11 sub_brand2 BOTELLA NO RETORNABLE 330.0,manufacturer3,BITBURGER T. BOTELLA NO RETORNABLE 330.0,BITBURGER BRAUGRUPPE,0.000596047286614684,103
brand4 sub_brand2 LATA NO RETORNABLE 500.0,manufacturer3,BENEDIKTINER T. LATA NO RETORNABLE 500.0,BITBURGER BRAUGRUPPE,0.00010002159298199955,99
brand52 sub_brand2 LATA NO RETORNABLE 500.0,manufacturer3,KOSTRITZER T. LATA NO RETORNABLE 500.0,BITBURGER BRAUGRUPPE,8.001443261052124e-05,270
brand52 sub_brand2 BOTELLA NO RETORNABLE 500.0,manufacturer3,KOSTRITZER T. BOTELLA NO RETORNABLE 500.0,BITBURGER BRAUGRUPPE,5.5009101439554884e-05,269
brand52 sub_brand2 LATA NO RETORNABLE 5000.0,manufacturer3,KOSTRITZER T. LATA NO RETORNABLE 5000.0,BITBURGER BRAUGRUPPE,5.000339613294628e-05,271
brand98 sub_brand2 LATA NO RETORNABLE 500.0,manufacturer3,WERNESGRUNER T. LATA NO RETORNABLE 500.0,BITBURGER BRAUGRUPPE,6.708193187840753e-06,406
brand4 sub_brand2 BOTELLA NO RETORNABLE 330.0,manufacturer3,BENEDIKTINER T. BOTELLA NO RETORNABLE 330.0,BITBURGER BRAUGRUPPE,4.0000013541430235e-06,97
brand85 sub_brand2 LATA NO RETORNABLE 500.0,manufacturer3,KONIG T. LATA NO RETORNABLE 500.0,BITBURGER BRAUGRUPPE,3.1622718281338084e-06,267
brand4 sub_brand2 BOTELLA NO RETORNABLE 500.0,manufacturer3,BENEDIKTINER T. BOTELLA NO RETORNABLE 500.0,BITBURGER BRAUGRUPPE,3.1435306383225976e-06,98
brand11 sub_brand2 BOTELLA NO RETORNABLE 500.0,manufacturer3,BITBURGER T. BOTELLA NO RETORNABLE 500.0,BITBURGER BRAUGRUPPE,1.0000003385357559e-06,104
brand11 sub_brand2 BARRIL NO RETORNABLE 5000.0,manufacturer3,BITBURGER T. BARRIL NO RETORNABLE 5000.0,BITBURGER BRAUGRUPPE,1.0000003385357559e-06,102
brand52 sub_brand2 BOTELLA NO RETORNABLE 330.0,manufacturer3,KOSTRITZER T. BOTELLA NO RETORNABLE 330.0,BITBURGER BRAUGRUPPE,1.0000003385357559e-06,268
brand4 sub_brand2 BARRIL NO RETORNABLE 5000.0,manufacturer3,BENEDIKTINER T. BARRIL NO RETORNABLE 5000.0,BITBURGER BRAUGRUPPE,1.0000003385357559e-06,96
brand11 sub_brand2 LATA NO RETORNABLE 500.0,manufacturer3,BITBURGER T. LATA NO RETORNABLE 500.0,BITBURGER BRAUGRUPPE,0.0,105
brand4 sub_brand2 LATA NO RETORNABLE 5000.0,manufacturer3,BENEDIKTINER T. LATA NO RETORNABLE 5000.0,BITBURGER BRAUGRUPPE,0.0,100
brand59 sub_brand2 BOTELLA NO RETORNABLE 500.0,manufacturer30,HOFBRAU T. BOTELLA NO RETORNABLE 500.0,HOFBRAU,1.0000003385357559e-06,258
brand60 sub_brand2 LATA NO RETORNABLE 330.0,manufacturer31,FREE DAMM T. LATA NO RETORNABLE 330.0,DAMM,1.5974044799804688e-05,231
brand69 sub_brand2 BOTELLA NO RETORNABLE 330.0,manufacturer31,ESTRELLA DAMM T. BOTELLA NO RETORNABLE 330.0,DAMM,1.0000003385357559e-06,229
brand69 sub_brand2 LATA NO RETORNABLE 330.0,manufacturer31,ESTRELLA DAMM T. LATA NO RETORNABLE 330.0,DAMM,0.0,230
brand62 sub_brand2 BOTELLA NO RETORNABLE 330.0,manufacturer32,INNIS & GUNN T. BOTELLA NO RETORNABLE 330.0,INNIS & GUNN,1.0000003385357559e-06,263
brand63 sub_brand2 BOTELLA NO RETORNABLE 330.0,manufacturer33,ASAHI T. BOTELLA NO RETORNABLE 330.0,GLOBAL WINE & SPIRITS,2.5033950805664062e-05,77
brand64 sub_brand2 BOTELLA NO RETORNABLE 750.0,manufacturer34,DELIRIUM T. BOTELLA NO RETORNABLE 750.0,HUYGHE,0.00020000588552395213,213
brand92 sub_brand2 BOTELLA NO RETORNABLE 330.0,manufacturer34,ST IDESBALD T. BOTELLA NO RETORNABLE 330.0,HUYGHE,0.00015001331077256093,378
brand64 sub_brand2 BOTELLA NO RETORNABLE 330.0,manufacturer34,DELIRIUM T. BOTELLA NO RETORNABLE 330.0,HUYGHE,1.0000003385357559e-06,212
brand65 sub_brand3 LATA NO RETORNABLE 330.0,manufacturer35,BIRRERIA MACHA CTE LATA NO RETORNABLE 330.0,BIRRERIA MACHA,0.0,101
brand66 sub_brand2 LATA NO RETORNABLE 250.0,manufacturer36,8.6 T. LATA NO RETORNABLE 250.0,8.6,2.7999980375170708e-05,10
brand66 sub_brand2 LATA NO RETORNABLE 500.0,manufacturer36,8.6 T. LATA NO RETORNABLE 500.0,8.6,0.0,11
brand67 sub_brand2 BOTELLA NO RETORNABLE 330.0,manufacturer37,LINO BREWING T. BOTELLA NO RETORNABLE 330.0,LINO BREWING,0.0,278
brand68 sub_brand2 LATA NO RETORNABLE 500.0,manufacturer38,EICHBAUM T. LATA NO RETORNABLE 500.0,PRIVATBRAUEREI EICHBAUM,0.00010002159298199955,220
brand68 sub_brand2 BARRIL NO RETORNABLE 5000.0,manufacturer38,EICHBAUM T. BARRIL NO RETORNABLE 5000.0,PRIVATBRAUEREI EICHBAUM,4.704248444652527e-05,218
brand68 sub_brand2 LATA NO RETORNABLE 330.0,manufacturer38,EICHBAUM T. LATA NO RETORNABLE 330.0,PRIVATBRAUEREI EICHBAUM,2.09808349609375e-05,219
brand80 sub_brand2 LATA NO RETORNABLE 500.0,manufacturer38,STEAM BREW T. LATA NO RETORNABLE 500.0,PRIVATBRAUEREI EICHBAUM,0.0,380
brand70 sub_brand3 LATA NO RETORNABLE 330.0,manufacturer39,PERONI CTE LATA NO RETORNABLE 330.0,PERONI,5.0008296966552734e-05,322
brand70 sub_brand3 BOTELLA NO RETORNABLE 330.0,manufacturer39,PERONI CTE BOTELLA NO RETORNABLE 330.0,PERONI,9.999985195463523e-07,321
brand5 sub_brand2 LATA NO RETORNABLE 330.0,manufacturer4,WEIDMANN T. LATA NO RETORNABLE 330.0,ZUID HOLLANDSE,2.0000006770715117e-06,404
brand5 sub_brand2 LATA NO RETORNABLE 500.0,manufacturer4,WEIDMANN T. LATA NO RETORNABLE 500.0,ZUID HOLLANDSE,0.0,405
brand72 sub_brand2 LATA NO RETORNABLE 330.0,manufacturer40,COLBITZER T. LATA NO RETORNABLE 330.0,COLBITZER,0.0,177
brand74 sub_brand2 LATA NO RETORNABLE 330.0,manufacturer41,HERMANN MÃœLLER T. LATA NO RETORNABLE 330.0,VAN PUR,2.5004148483276367e-05,257
brand75 sub_brand2 BOTELLA NO RETORNABLE 330.0,manufacturer42,GULDEN DRAAK T. BOTELLA NO RETORNABLE 330.0,GULDEN DRAAK,9.999930625781417e-07,237
brand76 sub_brand2 BOTELLA NO RETORNABLE 330.0,manufacturer43,APOSTOL T. BOTELLA NO RETORNABLE 330.0,INDUCERV,1.1980533599853516e-05,76
brand78 sub_brand2 BOTELLA NO RETORNABLE 750.0,manufacturer44,ABBAYE D'AULNE T. BOTELLA NO RETORNABLE 750.0,ABBAYE D'AULNE,0.0006220004178114582,13
brand78 sub_brand2 BOTELLA NO RETORNABLE 330.0,manufacturer44,ABBAYE D'AULNE T. BOTELLA NO RETORNABLE 330.0,ABBAYE D'AULNE,0.0,12
brand79 sub_brand2 LATA NO RETORNABLE 500.0,manufacturer45,SCHOFFERHOFER T. LATA NO RETORNABLE 500.0,SCHOFFERHOFER,5.000339613294628e-05,371
brand79 sub_brand2 BOTELLA NO RETORNABLE 500.0,manufacturer45,SCHOFFERHOFER T. BOTELLA NO RETORNABLE 500.0,SCHOFFERHOFER,0.0,370
brand82 sub_brand35 LATA NO RETORNABLE 330.0,manufacturer46,COLA & POLA LULO LATA NO RETORNABLE 330.0,EMB. BAVARIA,0.0001289844512939453,173
brand82 sub_brand26 LATA NO RETORNABLE 330.0,manufacturer46,COLA & POLA ROJA LATA NO RETORNABLE 330.0,EMB. BAVARIA,5.200505256652832e-05,176
brand82 sub_brand3 LATA NO RETORNABLE 330.0,manufacturer46,COLA & POLA CTE LATA NO RETORNABLE 330.0,EMB. BAVARIA,2.202270846411639e-05,169
brand82 sub_brand3 BOTELLA NO RETORNABLE 400.0,manufacturer46,COLA & POLA CTE BOTELLA NO RETORNABLE 400.0,EMB. BAVARIA,1.3999990187585354e-05,167
brand82 sub_brand3 BOTELLA RETORNABLE 330.0,manufacturer46,COLA & POLA CTE BOTELLA RETORNABLE 330.0,EMB. BAVARIA,4.0000013541430235e-06,168
brand82 sub_brand3 BOTELLA NO RETORNABLE 1500.0,manufacturer46,COLA & POLA CTE BOTELLA NO RETORNABLE 1500.0,EMB. BAVARIA,1.00000761449337e-06,165
brand82 sub_brand36 LATA NO RETORNABLE 330.0,manufacturer46,COLA & POLA LIMONADA DE COCO LATA NO RETORNABLE 330.0,EMB. BAVARIA,1.0000003385357559e-06,172
brand82 sub_brand26 BOTELLA NO RETORNABLE 330.0,manufacturer46,COLA & POLA ROJA BOTELLA NO RETORNABLE 330.0,EMB. BAVARIA,1.0000003385357559e-06,174
brand82 sub_brand36 BOTELLA RETORNABLE 330.0,manufacturer46,COLA & POLA LIMONADA DE COCO BOTELLA RETORNABLE 330.0,EMB. BAVARIA,1.0000003385357559e-06,171
brand82 sub_brand39 LATA NO RETORNABLE 330.0,manufacturer46,COLA & POLA LIMA LIMON LATA NO RETORNABLE 330.0,EMB. BAVARIA,0.0,170
brand82 sub_brand26 BOTELLA RETORNABLE 330.0,manufacturer46,COLA & POLA ROJA BOTELLA RETORNABLE 330.0,EMB. BAVARIA,0.0,175
brand82 sub_brand3 BOTELLA NO RETORNABLE 330.0,manufacturer46,COLA & POLA CTE BOTELLA NO RETORNABLE 330.0,EMB. BAVARIA,0.0,166
brand88 sub_brand3 BOTELLA NO RETORNABLE,manufacturer47,POLAR CTE BOTELLA NO RETORNABLE,CERVECERIA POLAR,0.00015800017672562352,361
brand88 sub_brand46 BOTELLA NO RETORNABLE,manufacturer47,POLAR ICE BOTELLA NO RETORNABLE,CERVECERIA POLAR,0.0,362
brand94 sub_brand2 BOTELLA NO RETORNABLE 330.0,manufacturer48,COLON T. BOTELLA NO RETORNABLE 330.0,COLON,4.601075292133239e-05,178
brand6 sub_brand2 BOTELLA NO RETORNABLE 330.0,manufacturer5,STOWFORD T. BOTELLA NO RETORNABLE 330.0,WESTON & SONS,5.000339613294628e-05,388
brand6 sub_brand2 LATA NO RETORNABLE 500.0,manufacturer5,STOWFORD T. LATA NO RETORNABLE 500.0,WESTON & SONS,0.0,390
brand6 sub_brand2 BOTELLA NO RETORNABLE 500.0,manufacturer5,STOWFORD T. BOTELLA NO RETORNABLE 500.0,WESTON & SONS,0.0,389
brand29 sub_brand2 BOTELLA NO RETORNABLE 330.0,manufacturer6,MONARCA T. BOTELLA NO RETORNABLE 330.0,FONT SALEM,0.0004749298095703125,294
brand8 sub_brand2 LATA NO RETORNABLE 330.0,manufacturer6,LANDVIK T. LATA NO RETORNABLE 330.0,FONT SALEM,0.0,275
brand29 sub_brand2 LATA NO RETORNABLE 330.0,manufacturer6,MONARCA T. LATA NO RETORNABLE 330.0,FONT SALEM,0.0,295
brand9 sub_brand2 LATA NO RETORNABLE 330.0,manufacturer7,HOLLANDIA T. LATA NO RETORNABLE 330.0,CERVECERIA HOLLANDIA,0.00010204315185546875,261
brand9 sub_brand2 BOTELLA NO RETORNABLE 330.0,manufacturer7,HOLLANDIA T. BOTELLA NO RETORNABLE 330.0,CERVECERIA HOLLANDIA,9.998679161071777e-05,259
brand9 sub_brand2 BOTELLA NO RETORNABLE 650.0,manufacturer7,HOLLANDIA T. BOTELLA NO RETORNABLE 650.0,CERVECERIA HOLLANDIA,1.4142137195800533e-06,260
brand9 sub_brand2 LATA NO RETORNABLE 500.0,manufacturer7,HOLLANDIA T. LATA NO RETORNABLE 500.0,CERVECERIA HOLLANDIA,0.0,262
brand38 sub_brand2 BOTELLA NO RETORNABLE 330.0,manufacturer8,HAZY JANE T. BOTELLA NO RETORNABLE 330.0,BREWDOG,8.800448914587451e-05,238
brand18 sub_brand2 BOTELLA NO RETORNABLE 330.0,manufacturer8,PUNK IPA T. BOTELLA NO RETORNABLE 330.0,BREWDOG,3.993511199951172e-06,363
brand10 sub_brand2 BOTELLA NO RETORNABLE 330.0,manufacturer8,ELVIS JUICE T. BOTELLA NO RETORNABLE 330.0,BREWDOG,2.233166720848555e-06,221
brand18 sub_brand2 LATA NO RETORNABLE 330.0,manufacturer8,PUNK IPA T. LATA NO RETORNABLE 330.0,BREWDOG,1.0000003385357559e-06,364
brand38 sub_brand2 LATA NO RETORNABLE 330.0,manufacturer8,HAZY JANE T. LATA NO RETORNABLE 330.0,BREWDOG,1.0000003385357559e-06,239
brand10 sub_brand2 LATA NO RETORNABLE 330.0,manufacturer8,ELVIS JUICE T. LATA NO RETORNABLE 330.0,BREWDOG,9.98377799987793e-07,222
brand13 sub_brand2 BOTELLA NO RETORNABLE 330.0,manufacturer9,DUVEL T. BOTELLA NO RETORNABLE 330.0,DUVEL MOORTGAT,1.0000003385357559e-06,216
brand23 sub_brand2 BOTELLA NO RETORNABLE 330.0,manufacturer9,MAREDSOUS T. BOTELLA NO RETORNABLE 330.0,DUVEL MOORTGAT,1.0000003385357559e-06,280
brand13 sub_brand2 BOTELLA NO RETORNABLE 750.0,manufacturer9,DUVEL T. BOTELLA NO RETORNABLE 750.0,DUVEL MOORTGAT,1.0000003385357559e-06,217
nan nan nan nan,,nan nan nan nan,,0.0,407
